"Fishbase_name","Order","Family","Standard_length","Max_body_depth","Max_fish_width","Head_depth","Lower_jaw_length","Mouth_width","Min_caudalpeduncle_depth","Min_caudalpeduncle_width","Total_weight","group","highlight"
"Acanthocybium_solandri","Perciformes","Scombridae",3.0899051114394,2.26717172840301,2.08457627793433,2.0386201619497,2.24831664034178,1.76402660769204,1.62726341656822,1.60734777676841,4.12548126570059,"Surface",FALSE
"Alosa_aestivalis","Clupeiformes","Clupeidae",2.32598746621444,1.79858159472855,1.40671045860979,1.48387245422267,1.39672227850377,0.791690649020118,1.30792370361188,0.655138434811382,2.22081389678549,"Surface",FALSE
"Alosa_agone","Clupeiformes","Clupeidae",2.41247734766524,1.80373017097454,1.42586014507784,1.56761444273084,1.55315454816963,0.889861721258188,1.27646180417324,0.670245853074124,2.2895889525426,"Surface",FALSE
"Alosa_alosa","Clupeiformes","Clupeidae",2.46416154169893,1.91561086266147,1.57460994134019,1.65050179487837,1.61930207587561,1.04296907339318,1.39164070349239,0.8494194137969,2.58658730467176,"Surface",FALSE
"Alosa_caspia_caspia","Clupeiformes","Clupeidae",2.21698355938209,1.67513650446799,1.34419571587143,1.42797271360821,1.42716140292597,0.764176132390331,1.15715443990628,0.580924975675619,1.89226160691554,"Surface",FALSE
"Alosa_chrysochloris","Clupeiformes","Clupeidae",2.41993923507764,1.85266294434457,1.45757914699576,1.5864747785714,1.61637047229127,1.00518051250378,1.38845645270027,0.770115294787102,2.35939907218089,"Surface",FALSE
"Alosa_fallax","Clupeiformes","Clupeidae",2.31139356500052,1.72238709417712,1.32837960343874,1.47755533219898,1.46642272243379,0.701567985055927,1.22010808804006,0.69284691927723,2.06707085604537,"Surface",FALSE
"Alosa_mediocris","Clupeiformes","Clupeidae",2.3920106831955,1.85817613798234,1.44294986957786,1.56026539786271,1.5643109099606,0.996073654485275,1.38524868240322,0.7481880270062,2.38911290219226,"Surface",FALSE
"Alosa_pseudoharengus","Clupeiformes","Clupeidae",2.36962397664063,1.88024177589548,1.43312951758049,1.56796690682315,1.49679131570004,0.843855422623161,1.37876117531637,0.721810615212547,2.32083147344525,"Surface",FALSE
"Alosa_sapidissima","Clupeiformes","Clupeidae",2.38514134760466,1.82639878218762,1.41396997174806,1.56407397897715,1.59050746200858,0.791690649020118,1.32159843046534,0.771587480881255,2.25285303097989,"Surface",FALSE
"Amblygaster_clupeoides","Clupeiformes","Clupeidae",2.1941534361651,1.53869937954241,1.29070224328785,1.33102217104183,1.16524432612531,0.576341350205793,1.04532297878666,0.620136054973757,1.73933496019608,"Surface",FALSE
"Anchoa_cayorum","Clupeiformes","Engraulidae",1.83884909073726,1.13767053723676,0.765668554759014,0.929418925714293,1.10277661488344,0.385606273598312,0.799340549453582,-0.0604807473813815,0.495544337546448,"Surface",FALSE
"Anchoa_choerostoma","Clupeiformes","Engraulidae",1.69090455405497,0.937016107464814,0.651278013998144,0.826074802700826,1.03059972196595,0.257678574869184,0.557507201905658,-0.259637310505756,0.0606978403536116,"Surface",FALSE
"Anchoa_colonensis","Clupeiformes","Engraulidae",1.69801350393918,1.00346053210951,0.723455672035186,0.803457115648414,0.987219229908005,0.434568904034199,0.69810054562339,-0.0861861476162833,0.127104798364808,"Surface",FALSE
"Anchoa_compressa","Clupeiformes","Engraulidae",2.01397417702092,1.39794000867204,0.950851458888546,1.11058971029925,1.22865695810894,0.576341350205793,0.985426474083002,0.204119982655925,1.02816441942447,"Surface",FALSE
"Anchoa_cubana","Clupeiformes","Engraulidae",1.7979596437372,1.02978947083186,0.748962861256161,0.856728890382883,1.01619735351244,0.243038048686294,0.672097857935718,-0.200659450546418,0.313867220369153,"Surface",FALSE
"Anchoa_delicatissima","Clupeiformes","Engraulidae",1.79775212865071,1.08919836680515,0.723455672035186,0.910090545594068,0.985875357308394,0.230448921378274,0.729974285699556,-0.119186407719209,0.361727836017593,"Surface",FALSE
"Anchoa_filifera","Clupeiformes","Engraulidae",1.76841608821633,1.05192391604611,0.742725131304698,0.870988813760575,1.07918124604762,0.374748346010104,0.683947130751512,-0.136677139879544,0.271841606536499,"Surface",FALSE
"Anchoa_hepsetus","Clupeiformes","Engraulidae",2.01924095039585,1.35602585719312,1.06557971472845,1.11594317693906,1.28216877830464,0.768638101247614,0.997823080745725,0.27415784926368,1.10140335055533,"Surface",FALSE
"Anchoa_lamprotaenia","Clupeiformes","Engraulidae",1.77070476821578,1.0899051114394,0.802089257881733,0.907411360774586,1.07990446766672,0.563481085394411,0.758911892397974,-0.0132282657337552,0.367355921026019,"Surface",FALSE
"Anchoa_lyolepis","Clupeiformes","Engraulidae",1.73933496019608,0.976349979003273,0.723455672035186,0.801403710017355,1.01745072951054,0.523746466811564,0.632457292184724,-0.00436480540245009,0.14921911265538,"Surface",FALSE
"Anchoa_mitchilli","Clupeiformes","Engraulidae",1.86189269039145,1.19312459835446,0.854306041801081,0.960946195733831,1.07990446766672,0.621176281775035,0.831869774280502,0.209515014542631,0.589949601325708,"Surface",FALSE
"Anchoa_mundeoloides","Clupeiformes","Engraulidae",2.03197368909172,1.43039759138697,1.00817418400643,1.09621458534641,1.25959387888595,0.723455672035186,0.979092900638326,0.230448921378274,1.15533603746506,"Surface",FALSE
"Anchoa_nasus","Clupeiformes","Engraulidae",1.95937533657584,1.33585891131982,0.925827574624742,1.04139268515823,1.27021285489624,0.559906625036113,0.917505509552547,0.195899652409234,1.0386201619497,"Surface",FALSE
"Anchoa_panamensis","Clupeiformes","Engraulidae",2.01924095039585,1.40874860618424,0.924279286061882,1.07445071895459,1.22453306260609,0.535294120042771,1.01577875638904,0.262451089730429,0.994317152669637,"Surface",FALSE
"Anchoa_parva","Clupeiformes","Engraulidae",1.65533055800934,0.976808337338066,0.660865478003869,0.81424759573192,0.905256048748451,0.482873583608754,0.657055852857104,-0.0555173278498314,0.0530784434834197,"Surface",FALSE
"Anchoa_walkeri","Clupeiformes","Engraulidae",1.94709046421962,1.32489949705231,0.886490725172482,1.01994668167884,1.19589965240923,0.472756449317212,0.90848501887865,0.167317334748176,0.778151250383644,"Surface",FALSE
"Anchovia_macrolepidota","Clupeiformes","Engraulidae",2.13286778831908,1.69072754387037,1.16613397030511,1.30102999566398,1.47639682672533,0.74350976472843,1.20330491613848,0.426511261364575,1.61804809671209,"Surface",FALSE
"Anchovia_surinamensis","Clupeiformes","Engraulidae",1.90200289135073,1.31806333496276,0.89209460269048,0.991226075692495,1.2027606873932,0.447158031342219,0.90036712865647,0.130333768495006,0.785329835010767,"Surface",FALSE
"Anchoviella_alleni","Clupeiformes","Engraulidae",1.85162520315331,1.07188200730613,0.795184589682424,0.858537197569639,0.966610986681934,0.178976947293169,0.723455672035186,-0.0506099933550872,0.47567118832443,"Surface",FALSE
"Anchoviella_balboae","Clupeiformes","Engraulidae",1.56086269472746,0.909556029241175,0.531478917042255,0.705863712283919,0.709269960975831,0.264817823009536,0.52244423350632,-0.161150909262745,-0.283996656365201,"Surface",FALSE
"Anchoviella_brevirostris","Clupeiformes","Engraulidae",1.84695532501982,1.12710479836481,0.824125833916549,0.94101424370557,1.01283722470517,0.271841606536499,0.763427993562937,-0.0315170514460649,0.531478917042255,"Surface",FALSE
"Anchoviella_carrikeri","Clupeiformes","Engraulidae",1.76245348236355,0.981365509078544,0.726727209026572,0.859738566197147,0.953276336667304,0.338456493604605,0.634477270160732,-0.200659450546418,0.278753600952829,"Surface",FALSE
"Anchoviella_guianensis","Clupeiformes","Engraulidae",1.87268060715193,1.14238946611884,0.8750612633917,0.935507265824713,1.0927206446841,0.6414741105041,0.823474229170301,0.0644579892269184,0.679427896612119,"Surface",FALSE
"Anchoviella_lepidentostole","Clupeiformes","Engraulidae",1.89002958616342,1.19395897801919,0.897627091290441,1.01994668167884,1.10822665637493,0.367355921026019,0.812913356642856,0.0899051114393979,0.696356388733332,"Surface",FALSE
"Anodontostoma_chacunda","Clupeiformes","Clupeidae",2.07155063936693,1.73255457985143,1.25671774597749,1.3151303171836,0.9698816437465,0.577491799837225,1.18582535961296,0.496929648073215,1.68151258663896,"Surface",FALSE
"Antennarius_commerson","Lophiiformes","Antennariidae",2.25127311367437,2.02031984035731,1.77356704892606,1.92054071650248,1.60713320439157,1.568201724067,1.39375064034808,0.865696059916071,2.6871453285239,"Deep-sea",FALSE
"Antennarius_hispidus","Lophiiformes","Antennariidae",1.97252681786586,1.7594411971337,1.61161711055434,1.65108408924301,1.47334096418594,1.40277706961035,1.12483014941386,0.686636269262293,2.0558750391461,"Deep-sea",FALSE
"Antennarius_indicus","Lophiiformes","Antennariidae",1.87852179550121,1.71825250009775,1.45285933579585,1.59604700754544,1.41212440617332,1.21510858105309,1.06818586174616,0.4983105537896,1.68394713075151,"Deep-sea",FALSE
"Antennarius_multiocellatus","Lophiiformes","Antennariidae",1.95351808144499,1.74530905994083,1.58613702523079,1.64610952197885,1.39846084960822,1.33765889102614,1.15503222879097,0.655138434811382,1.96941591235398,"Deep-sea",FALSE
"Antennarius_pictus","Lophiiformes","Antennariidae",1.98878184345364,1.69688037168276,1.52400644555737,1.63195082625922,1.33041377334919,1.3356584522893,1.12123145514962,0.760422483423212,1.99211148778695,"Deep-sea",FALSE
"Antennarius_striatus","Lophiiformes","Antennariidae",1.85533740446954,1.4224256763712,1.43055876952276,1.35717225772303,1.15381486434453,1.19534605834842,0.848804701051804,0.404833716619938,1.63748972951251,"Deep-sea",FALSE
"Antennatus_nummifer","Lophiiformes","Antennariidae",1.81517913013942,1.59117595031179,1.31323429169472,1.50596351801813,1.20466251174822,1.18639121569549,0.956168430475363,0.494154594018443,1.29556709996248,"Deep-sea",FALSE
"Antennatus_tuberosus","Lophiiformes","Antennariidae",1.63958608667343,1.45377685969044,1.24919835739111,1.30427505047713,1.15533603746506,1.06929801211553,0.786751422145561,0.305351369446624,1.03742649794062,"Deep-sea",FALSE
"Argyropelecus_aculeatus","Stomiiformes","Sternoptychidae",1.80297885533526,1.68385720540035,1.21005084987514,1.5532760461371,1.28216877830464,1.13987908640124,0.876794976200701,0.255272505103306,0.9698816437465,"Deep-sea",FALSE
"Argyropelecus_affinis","Stomiiformes","Sternoptychidae",1.81070286094712,1.52244423350632,1.01157044359728,1.38560627359831,1.19033169817029,0.832508912706236,0.799340549453582,0.167317334748176,0.870988813760575,"Deep-sea",FALSE
"Argyropelecus_gigas","Stomiiformes","Sternoptychidae",1.90568796771185,1.47041049097593,1.07990446766672,1.42045085910607,1.28012289630231,0.896526217489555,0.835056101720116,0.260071387985075,1.07481644064517,"Deep-sea",FALSE
"Argyropelecus_hemigymnus","Stomiiformes","Sternoptychidae",1.511482288626,1.08671566394488,0.670245853074124,1.05037975626146,0.9304395947667,0.584331224367531,0.416640507338281,0.0128372247051722,-0.0506099933550872,"Deep-sea",FALSE
"Argyropelecus_lychnus","Stomiiformes","Sternoptychidae",1.62838893005031,1.36921585741014,0.690196080028514,1.22968184231768,0.996949248495381,0.568201724066995,0.656098202012832,-0.0132282657337552,0.15836249209525,"Deep-sea",FALSE
"Argyropelecus_olfersii","Stomiiformes","Sternoptychidae",1.56312496033804,1.39602489660859,0.722633922533812,1.24254142829838,1.09621458534641,0.627365856592733,0.618048096712093,-0.00436480540245009,0.110589710299249,"Deep-sea",FALSE
"Argyropelecus_sladeni","Stomiiformes","Sternoptychidae",1.84571801796666,1.62531245096167,0.99563519459755,1.42160392686983,1.25285303097989,0.763427993562937,0.832508912706236,0.204119982655925,0.903089986991944,"Deep-sea",FALSE
"Aristostomias_polydactylus","Stomiiformes","Stomiidae",2.26403822599312,1.68752896121463,1.2148438480477,1.46642272243379,1.72015930340596,0.773054693364263,0.705007959333336,0.230448921378274,1.82458137623348,"Deep-sea",FALSE
"Aristostomias_scintillans","Stomiiformes","Stomiidae",2.18124316096741,1.47465325336206,1.2137832993353,1.35487642251623,1.58994960132571,1.03941411917614,0.651278013998144,0.222716471147583,1.56502092834529,"Deep-sea",FALSE
"Aristostomias_tittmanni","Stomiiformes","Stomiidae",2.21039878865224,1.4987239707479,1.12385164096709,1.34242268082221,1.53693702270467,0.707570176097936,0.571708831808688,0.146128035678238,1.54245194737598,"Deep-sea",FALSE
"Astronesthes_gemmifer","Stomiiformes","Stomiidae",2.11143055176598,1.32428245529769,0.970811610872518,1.19312459835446,1.35983548233989,0.88930170250631,0.829303772831025,0.278753600952829,1.0899051114394,"Deep-sea",FALSE
"Astronesthes_macropogon","Stomiiformes","Stomiidae",1.96203768656501,1.20411998265592,0.904715545278681,1.07188200730613,1.24625231229932,0.770852011642144,0.755874855672491,0.238046103128795,0.79448804665917,"Deep-sea",FALSE
"Astronesthes_similus","Stomiiformes","Stomiidae",2.0812392609117,1.27485032001666,1.03742649794062,1.21298618473667,1.36492603378998,0.934498451243568,0.780317312140151,0.238046103128795,1.11327469246435,"Deep-sea",TRUE
"Auxis_rochei","Perciformes","Scombridae",2.5449976797004,1.90417436828416,1.72754125702856,1.61815273337852,1.56561172490206,1.27737997466725,0.779596491257824,0.894869656745253,2.75434833571102,"Surface",FALSE
"Bathophilus_pawneei","Stomiiformes","Stomiidae",2.00889811477094,1.12024479554637,0.9804578922761,0.958085848521085,1.17811325231463,0.775974331129369,0.413299764081252,0.0530784434834197,0.833147111912785,"Deep-sea",FALSE
"Bathophilus_vaillanti","Stomiiformes","Stomiidae",2.0014308122464,1.12057393120585,0.967079734144497,1.02242837118549,1.29380435991934,0.920645001406788,0.89209460269048,0.583198773968623,0.81690383937566,"Deep-sea",FALSE
"Bonapartia_pedaliota","Stomiiformes","Gonostomatidae",1.75564621945668,1.02612451674545,0.61066016308988,0.948901760970214,1.15624619039734,0.540329474790874,0.632457292184724,0.0791812460476248,0.161368002234975,"Deep-sea",FALSE
"Borostomias_antarcticus","Stomiiformes","Stomiidae",2.39668743599247,1.59139855128125,1.33142729652074,1.43917473984347,1.68178376646788,1.23779499327392,1.13861843389949,0.574031267727719,1.9739125704197,"Deep-sea",FALSE
"Borostomias_elucens","Stomiiformes","Stomiidae",2.42309835264547,1.67942789661212,1.42537116643894,1.45833562599195,1.72835378202123,1.34830486304816,1.18554215485438,0.765668554759014,2.10585067438514,"Deep-sea",FALSE
"Borostomias_panamensis","Stomiiformes","Stomiidae",2.33711968000287,1.4987239707479,1.22193559982801,1.34439227368511,1.60745502321467,1.03462845662532,1.06707085604537,0.594392550375427,1.71908257390149,"Deep-sea",FALSE
"Brevoortia_aurea","Clupeiformes","Clupeidae",2.13987908640124,1.71432975974523,1.20493352235414,1.43663963169266,1.33645973384853,0.552668216112193,1.17983892802319,0.531478917042255,1.78411781646292,"Surface",FALSE
"Brevoortia_patronus","Clupeiformes","Clupeidae",2.05203950700147,1.63144376901317,1.16435285578444,1.43248825577051,1.30384377488865,0.571708831808688,1.01703333929878,0.491361693834273,1.47465325336206,"Surface",FALSE
"Brevoortia_smithi","Clupeiformes","Clupeidae",2.36127442256221,1.93786879656386,1.53932706353937,1.6756867086994,1.58342550040651,1.09725730969342,1.37694175714676,0.859738566197147,2.45525610211795,"Surface",FALSE
"Brevoortia_tyrannus","Clupeiformes","Clupeidae",2.35146775710976,1.86207171937999,1.50338206347373,1.62572390952576,1.59769518592551,0.967079734144497,1.31576049066573,0.696356388733332,2.29181268746712,"Surface",FALSE
"Ceratias_holboelli","Lophiiformes","Ceratiidae",2.10030160401385,1.6550423413312,1.12936759572299,1.6220066730068,1.39759243403812,1.09131515969722,0.890979596989689,0.540329474790874,1.5327543789925,"Deep-sea",FALSE
"Cetengraulis_edentulus","Clupeiformes","Engraulidae",2.09377178149873,1.59228781595213,1.18977095634687,1.22582599146189,1.36040405472994,0.675778341674085,1.10890312766731,0.372912002970107,1.57978359661681,"Surface",FALSE
"Cetengraulis_mysticetus","Clupeiformes","Engraulidae",2.13331531689885,1.58883172559421,1.20601587676334,1.21298618473667,1.46044678388072,0.598790506763115,1.06445798922692,0.518513939877887,1.60097289568675,"Surface",FALSE
"Chauliodus_danae","Stomiiformes","Stomiidae",2.15533603746506,1.25935492730803,0.710117365111816,1.2312146479626,1.22788670461367,0.426511261364575,0.583198773968623,0.136720567156407,0.729974285699556,"Deep-sea",FALSE
"Chauliodus_macouni","Stomiiformes","Stomiidae",2.09840142227008,1.17231096852195,0.834420703681533,1.16524432612531,1.2397998184471,0.778151250383644,0.556302500767287,0.136720567156407,0.842609239610562,"Deep-sea",FALSE
"Chauliodus_sloani","Stomiiformes","Stomiidae",2.39422396677237,1.46164856806346,1.088844562727,1.46879026209961,1.50379068305718,0.992553517832136,0.745074791582057,0.421603926869831,1.54530711646582,"Deep-sea",FALSE
"Chaunax_abei","Lophiiformes","Chaunacidae",2.19816203904608,1.69731654173238,1.76484835719341,1.63296316816726,1.5328817194074,1.5632437011404,1.00603795499732,0.686636269262293,2.1881688585867,"Deep-sea",FALSE
"Chaunax_pictus","Lophiiformes","Chaunacidae",2.286613631657,1.74264658993874,1.83524653999631,1.65523450703429,1.63518204865627,1.65734273681463,1.13830269816628,0.761175813155731,2.6338016235176,"Deep-sea",FALSE
"Chaunax_suttkusi","Lophiiformes","Chaunacidae",2.34139495152404,1.82105475504689,1.94141204037355,1.83872319003137,1.58871977960006,1.81378107817408,1.17347764345299,0.824125833916549,2.72125812483988,"Deep-sea",FALSE
"Clupanodon_thrissa","Clupeiformes","Clupeidae",2.28533222764388,1.85193067864027,1.39724458101039,1.50772097668561,1.35926616460675,0.847572659142112,1.28397928423848,0.657055852857104,2.19700472802305,"Surface",FALSE
"Clupea_harengus","Clupeiformes","Clupeidae",2.39229236108897,1.79190108000957,1.41796964221474,1.51890857369141,1.50799072481969,0.939019776448666,1.26904570965762,0.788875115775417,2.30362797638389,"Surface",FALSE
"Clupea_pallasii_pallasii","Clupeiformes","Clupeidae",2.43697320951927,1.8333383889394,1.4963760540124,1.54543082946535,1.5487578285737,0.879095879500073,1.33765889102614,0.677606952720493,2.46765249457387,"Surface",FALSE
"Coilia_dussumieri","Clupeiformes","Engraulidae",2.07107154998365,1.32837960343874,0.963315511386111,0.956168430475363,1.18298496700358,0.69284691927723,0.178976947293169,-0.698970004336019,0.690196080028514,"Surface",FALSE
"Coilia_lindmani","Clupeiformes","Engraulidae",2.274596542257,1.62096843564429,1.26434550705009,1.24004977211265,1.42357351973274,1.02077548819356,0.846337112129805,0.0791812460476248,1.610127613076,"Surface",FALSE
"Coilia_mystus","Clupeiformes","Engraulidae",2.15685190107001,1.41380251676935,1.05576046468773,1.04532297878666,1.27253777737524,0.737987326333431,0.52244423350632,-0.318758762624413,1.10957854690439,"Surface",FALSE
"Coilia_ramcarati","Clupeiformes","Engraulidae",2.15503222879097,1.46893780566546,1.08955188288645,1.03422726077055,1.27898211686544,0.819543935541869,0.371067862271736,-0.142667503568732,1.15228834438306,"Surface",FALSE
"Cryptopsaras_couesii","Lophiiformes","Ceratiidae",2.15962734065867,1.78182715293243,1.4334497937616,1.75815462196739,1.53706314278162,1.29070224328785,1.15745676813423,0.718501688867274,2.07892783368072,"Deep-sea",FALSE
"Cyclothone_acclinidens","Stomiiformes","Gonostomatidae",1.62117628177504,0.80413943233535,0.442479769064449,0.442479769064449,0.93801909747621,0.0899051114393979,0.462397997898956,-0.0457574905606751,-0.537602002101044,"Deep-sea",FALSE
"Cyclothone_alba","Stomiiformes","Gonostomatidae",1.53491410442987,0.662757831681574,0.328379603438738,0.285557309007774,0.8494194137969,-0.0315170514460649,0.294466226161593,-0.221848749616356,-0.886056647693163,"Deep-sea",FALSE
"Cyclothone_atraria","Stomiiformes","Gonostomatidae",1.63578523553365,0.830588668685144,0.547774705387823,0.45178643552429,0.939519252618618,0.184691430817599,0.46686762035411,-0.154901959985743,-0.455931955649724,"Deep-sea",FALSE
"Cyclothone_microdon","Stomiiformes","Gonostomatidae",1.66266340957404,0.751279103983342,0.519827993775719,0.550228353055094,0.963315511386111,0.342422680822206,0.378397900948138,0.0374264979406237,-0.346787486224656,"Deep-sea",FALSE
"Cyclothone_pallida","Stomiiformes","Gonostomatidae",1.75411889422541,0.903089986991944,0.518513939877887,0.527629900871339,1.08635983067475,0.278753600952829,0.457881896733992,0.0128372247051722,-0.259637310505756,"Deep-sea",FALSE
"Cyclothone_pseudopallida","Stomiiformes","Gonostomatidae",1.62634036737504,0.734799829588847,0.409933123331295,0.348304863048161,0.929418925714293,0.176091259055681,0.342422680822206,-0.113509274827518,-0.638272163982407,"Deep-sea",FALSE
"Cyclothone_signata","Stomiiformes","Gonostomatidae",1.99466902182553,1.16106838547117,0.829303772831025,1.02036128264771,1.33465476688324,0.72916478969277,0.683947130751512,0.238046103128795,0.802089257881733,"Deep-sea",FALSE
"Danaphos_oculatus","Stomiiformes","Sternoptychidae",1.49554433754645,0.802089257881733,0.40823996531185,0.802089257881733,0.728353782021228,0.290034611362518,0.320146286111054,-0.292429823902064,-0.677780705266081,"Deep-sea",FALSE
"Dibranchus_atlanticus","Lophiiformes","Ogcocephalidae",2.17762306163136,1.44294986957786,1.91184979649942,1.40243334621931,1.28735377271475,1.44746813094976,0.877371345869774,0.636487896353365,1.87314615132826,"Deep-sea",FALSE
"Diplophos_taenia","Stomiiformes","Gonostomatidae",2.18227195669419,1.20574554094266,0.818225893613955,1.11494441571258,1.22010808804006,0.752816431188271,0.552668216112193,0.0211892990699381,0.871572935545879,"Deep-sea",FALSE
"Dorosoma_anale","Clupeiformes","Clupeidae",2.23962476524614,1.81137389705389,1.25358028956218,1.35736303061514,1.12483014941386,0.853089529851866,1.22453306260609,0.52244423350632,1.93028664724552,"Surface",FALSE
"Dorosoma_cepedianum","Clupeiformes","Clupeidae",2.30468436597439,1.90503992807621,1.39689644914252,1.45893986189033,1.24452451157008,1.03981055414835,1.34024576156793,0.657055852857104,2.21264031353483,"Surface",FALSE
"Dorosoma_petenense","Clupeiformes","Clupeidae",2.03502928220237,1.55594043781851,1.10720996964787,1.21932250841934,1.10380372095596,0.52244423350632,1.06333335895175,0.374748346010104,1.42439155441028,"Surface",FALSE
"Echiostoma_barbatum","Stomiiformes","Stomiidae",2.41385276004287,1.59769518592551,1.20057692675485,1.3807537708039,1.53491410442987,1.04805317311561,0.867467487859051,0.385606273598312,1.93232153198929,"Deep-sea",FALSE
"Encrasicholina_devisi","Clupeiformes","Engraulidae",1.82885315967664,1.08742645703629,0.742725131304698,0.876794976200701,1.07077646284343,0.367355921026019,0.726727209026572,0,0.380211241711606,"Surface",FALSE
"Encrasicholina_heteroloba","Clupeiformes","Engraulidae",1.79148011602,1.02118929906994,0.742725131304698,0.828015064223977,1.03622954408629,0.397940008672038,0.690196080028514,-0.0315170514460649,0.367355921026019,"Surface",FALSE
"Engraulis_anchoita","Clupeiformes","Engraulidae",1.66511173707505,0.851258348719075,0.673941998634088,0.751279103983342,0.937016107464814,0.380211241711606,0.546542663478131,-0.0457574905606751,-0.0457574905606751,"Surface",FALSE
"Engraulis_australis","Clupeiformes","Engraulidae",1.78696425943573,0.968482948553935,0.705007959333336,0.81888541459401,1.05918461763137,0.24551266781415,0.628388930050311,-0.161150909262745,0.247973266361807,"Surface",FALSE
"Engraulis_encrasicolus","Clupeiformes","Engraulidae",2.09363177682895,1.28914283593233,1.09447112864164,1.07736790528416,1.30297993674825,0.782472624166286,0.944975908412048,0.238046103128795,1.22968184231768,"Surface",FALSE
"Engraulis_eurystole","Clupeiformes","Engraulidae",1.8431704645199,1.02284061087653,0.814913181275074,0.875639937004168,1.12936759572299,0.404833716619938,0.676693609624867,-0.0757207139381184,0.442479769064449,"Surface",FALSE
"Engraulis_japonicus","Clupeiformes","Engraulidae",1.93176288848118,1.12221587827283,0.895974732359065,0.954724790979063,1.19423674872383,0.488550716500444,0.761927838420529,0.0606978403536116,0.726727209026572,"Surface",TRUE
"Engraulis_mordax","Clupeiformes","Engraulidae",2.04465733323487,1.30254737248749,1.00432137378264,1.04805317311561,1.35160307241913,0.653212513775344,0.8750612633917,0.146128035678238,1.12385164096709,"Surface",FALSE
"Engraulis_ringens","Clupeiformes","Engraulidae",2.05203950700147,1.37235958252432,1.0265332645233,1.09342168516224,1.34772021703404,0.52244423350632,0.910090545594068,0.301029995663981,1.18383903705642,"Surface",FALSE
"Ethmalosa_fimbriata","Clupeiformes","Clupeidae",2.3063821321502,1.878406887581,1.46254772880266,1.580468783951,1.53731527311201,0.904174368284164,1.25382243870807,0.684845361644412,2.2672421488256,"Surface",FALSE
"Eustomias_acinosus","Stomiiformes","Stomiidae",2.06062230430996,0.931457870689005,0.846955325019824,1.02571538390134,1.19340290306242,0.775974331129369,0.390935107103379,-0.119186407719209,0.612783856719735,"Deep-sea",FALSE
"Eustomias_filifer","Stomiiformes","Stomiidae",2.11497774478531,1.01325866528352,0.748962861256161,1.01745072951054,1.16286299332193,0.57287160220048,0.369215857410143,-0.0757207139381184,0.492760389026837,"Deep-sea",FALSE
"Eustomias_furcifer","Stomiiformes","Stomiidae",2.15645828524046,0.88252453795488,0.764176132390331,1.06483221973857,1.24674470972384,0.679427896612119,0.3654879848909,-0.200659450546418,0.539076098792777,"Deep-sea",FALSE
"Eustomias_jimcraddocki","Stomiiformes","Stomiidae",2.1264561134318,1.12254352406875,0.895974732359065,1.07151380509509,1.28465628278852,0.783903579272735,0.547774705387823,-0.136677139879544,0.919601023784111,"Deep-sea",FALSE
"Eustomias_polyaster","Stomiiformes","Stomiidae",2.00281377922467,0.812913356642856,0.676693609624867,0.916453948549925,1.1156105116743,0.602059991327962,0.278753600952829,-0.259637310505756,0.20682587603185,"Deep-sea",FALSE
"Euthynnus_affinis","Perciformes","Scombridae",2.61126647459996,2.02718646183674,1.82891756161669,1.74678983215261,1.74241088058049,1.42127479121035,0.954242509439325,1.1102529173534,3.15581258873238,"Surface",FALSE
"Euthynnus_alletteratus","Perciformes","Scombridae",2.67516403124078,2.07773117965239,1.89614025144202,1.84843545533147,1.79761373015308,1.57518784492766,1.02978947083186,1.11760269169008,3.40105572577184,"Surface",FALSE
"Euthynnus_lineatus","Perciformes","Scombridae",2.65832626529883,2.06220580881971,1.87737134586977,1.77619251474707,1.80002935924413,1.48643047885443,0.945960703577569,1.04610478724604,3.17695898058691,"Surface",FALSE
"Flagellostomias_boureei","Stomiiformes","Stomiidae",2.34242268082221,1.30319605742049,0.977723605288848,1.21218760440396,1.42488163663107,0.851258348719075,0.602059991327962,0,1.30749603791321,"Deep-sea",FALSE
"Fowlerichthys_avalonis","Lophiiformes","Antennariidae",1.97767788767399,1.7614767795447,1.53364497879876,1.68529378138678,1.45954325828041,1.32076922833869,1.0696680969116,0.574031267727719,2.02551067285258,"Deep-sea",FALSE
"Gilchristella_aestuaria","Clupeiformes","Clupeidae",1.64669773129933,0.901458321396112,0.612783856719735,0.797267540830716,0.742725131304698,0.184691430817599,0.531478917042255,-0.173925197299174,-0.154901959985743,"Surface",FALSE
"Gonostoma_atlanticum","Stomiiformes","Gonostomatidae",1.70517924487368,0.918554530550273,0.513217600067939,0.822168079368018,1.04375512696868,0.436162647040756,0.48572142648158,-0.167491087293764,-0.207608310501746,"Deep-sea",FALSE
"Gonostoma_denudatum","Stomiiformes","Gonostomatidae",2.06058453136086,1.27806733088866,0.8555191556678,1.13672056715641,1.36040405472994,0.690196080028514,0.830588668685144,0.247973266361807,0.881384656770573,"Deep-sea",FALSE
"Sigmops_elongatus","Stomiiformes","Gonostomatidae",2.21404867941194,1.32837960343874,1.00945089579869,1.21031851982623,1.50351831272407,0.937016107464814,0.874481817699467,0.296665190261531,1.12090281761453,"Deep-sea",FALSE
"Grammatorcynus_bilineatus","Perciformes","Scombridae",2.66181268553726,1.92839585225671,1.7419390777292,1.7865384804978,1.76012078526457,1.49345805099519,1.24575935596728,1.12057393120585,2.97772360528885,"Surface",FALSE
"Grammatostomias_flagellibarba","Stomiiformes","Stomiidae",2.22824632625525,1.02897770520878,1.15775888604686,1.2380461031288,1.46044678388072,0.96189547366785,1.06220580881971,0.744292983122676,1.59857166348214,"Deep-sea",FALSE
"Gymnosarda_unicolor","Perciformes","Scombridae",2.7791273153062,2.19387561215236,2.05982838164098,1.9670328821587,1.98281376213186,1.69870934944259,1.16967443405881,1.39005149645899,3.67766807810418,"Surface",FALSE
"Halieutichthys_aculeatus","Lophiiformes","Ogcocephalidae",1.81444737852249,0.990338854787601,1.66679868366617,1.00130093302042,1.15442397311465,1.31323429169472,0.635483746814912,0.326335860928751,1.17811325231463,"Deep-sea",FALSE
"Harengula_clupeola","Clupeiformes","Clupeidae",2.23360521916227,1.62757066418054,1.25212455250564,1.4432629874587,1.38057300306689,0.850646235183066,1.08635983067475,0.658011396657112,1.62086447526512,"Surface",FALSE
"Harengula_humeralis","Clupeiformes","Clupeidae",2.15806079393661,1.59988307207369,1.27346427262135,1.43136376415899,1.32633586092875,0.65991620006985,1.12385164096709,0.568201724066995,1.69521891890515,"Surface",FALSE
"Harengula_jaguana","Clupeiformes","Clupeidae",2.03929511808431,1.59659709562646,1.19672872262329,1.38201704257487,1.17114115102838,0.643452676486187,1.08278537031645,0.403120521175818,1.54120469068326,"Surface",FALSE
"Harengula_thrissina","Clupeiformes","Clupeidae",1.88490859416261,1.37584643630916,0.983175072037813,1.17638069224327,1.03742649794062,0.465382851448418,0.883661435153618,0.0899051114393979,0.962369335670021,"Surface",FALSE
"Herklotsichthys_quadrimaculatus","Clupeiformes","Clupeidae",2.06449542679273,1.4884096889032,1.2087100199064,1.32283927268632,1.18383903705642,0.575187844927661,1.00603795499732,0.363611979892144,1.47813342810052,"Surface",FALSE
"Heterophotus_ophistoma","Stomiiformes","Stomiidae",2.49136169383427,1.77356704892606,1.42602301568988,1.42488163663107,1.73559889969818,1.28712962071911,1.23375736296551,0.7481880270062,2.38237730346811,"Deep-sea",FALSE
"Hilsa_kelee","Clupeiformes","Clupeidae",2.18977095634687,1.76110053895814,1.38183679999834,1.48897352472651,1.44731310882357,0.752048447819439,1.17695898058691,0.580924975675619,1.94875518016827,"Surface",FALSE
"Himantolophus_groenlandicus","Lophiiformes","Himantolophidae",2.01203535914953,1.82242962377936,1.70217195085771,1.79483645781456,1.61846649219908,1.63608651510307,1.1978316933289,0.514547752660286,2.20002926655377,"Deep-sea",TRUE
"Histiophryne_cryptacanthus","Lophiiformes","Antennariidae",1.61257195406518,1.35430056234536,1.27508089845686,1.16643011384328,1.11760269169008,0.870403905279027,0.83695673705955,0.318063334962762,0.913813852383717,"Deep-sea",FALSE
"Histrio_histrio","Lophiiformes","Antennariidae",2.04937310015153,1.79028516403324,1.53756725715268,1.64325522502477,1.53681086599154,1.34752515999869,1.2291697025391,0.699837725867246,2.0899051114394,"Deep-sea",FALSE
"Ichthyococcus_ovatus","Stomiiformes","Phosichthyidae",1.5817221599491,1.10619089726342,0.669316880566112,1,0.705007959333336,0.525044807036845,0.598790506763115,0,0.0128372247051722,"Deep-sea",FALSE
"Idiacanthus_antrostomus","Stomiiformes","Stomiidae",2.46209838113516,0.980911937776844,0.986771734266245,1.05804623039528,1.32076922833869,0.79448804665917,0.426511261364575,-0.173925197299174,0.843855422623161,"Deep-sea",FALSE
"Idiacanthus_atlanticus","Stomiiformes","Stomiidae",2.56427537855227,1.15956719323362,1.12580645813953,1.16967443405881,1.40483371661994,0.983175072037813,0.558708570533166,0.0128372247051722,1.35121634533934,"Deep-sea",FALSE
"Idiacanthus_fasciola","Stomiiformes","Stomiidae",2.4089349586788,0.8494194137969,0.94299959336604,1.0899051114394,1.26717172840301,0.808210972924222,0.374748346010104,-0.221848749616356,0.673020907128896,"Deep-sea",FALSE
"Jenkinsia_lamprotaenia","Clupeiformes","Clupeidae",1.70156798505593,0.929418925714293,0.740362689494244,0.799340549453582,0.765668554759014,0.238046103128795,0.514547752660286,0,0.113943352306837,"Surface",FALSE
"Katsuwonus_pelamis","Perciformes","Scombridae",2.76504982190295,2.19445883744353,2.08296479377775,1.92711361193376,1.91466043058922,1.54654266347813,1.15381486434453,1.27091163941048,3.62627876095152,"Surface",FALSE
"Konosirus_punctatus","Clupeiformes","Clupeidae",2.25222175359869,1.75073975123535,1.34123662323869,1.42862067267194,1.33945144130644,0.682145076373832,1.20978301484851,0.550228353055094,1.94645226501307,"Surface",FALSE
"Leptostomias_gladiator","Stomiiformes","Stomiidae",2.45918132105668,1.48029446000301,1.37657695705651,1.33203427702752,1.4345689040342,1.36828688490213,0.694605198933569,0.271841606536499,1.93161040636296,"Deep-sea",FALSE
"Limnothrissa_miodon","Clupeiformes","Clupeidae",2.05327056668138,1.40654018043396,1.13033376849501,1.20411998265592,1.21616590228599,0.45484486000851,0.966141732739033,0.322219294733919,1.28216877830464,"Surface",FALSE
"Lophiocharon_lithinostomus","Lophiiformes","Antennariidae",1.8685268867682,1.68448629218873,1.42406452541749,1.51295107997249,1.39269695325967,1.17114115102838,1.06220580881971,0.517195897949974,1.57691695596521,"Deep-sea",FALSE
"Lophiodes_caulinaris","Lophiiformes","Lophiidae",2.08771044886063,1.35621713421974,1.80685802951882,1.31910605930978,1.66511173707505,1.78411781646292,0.704150516839799,0.563481085394411,1.91787295519885,"Deep-sea",FALSE
"Lophiodes_reticulatus","Lophiiformes","Lophiidae",2.27378807956752,1.69731654173238,2.06389603812599,1.59659709562646,1.84429074325434,1.97754070594653,1.17580163284828,0.860338006570994,2.5592720678074,"Deep-sea",FALSE
"Lophiodes_spilurus","Lophiiformes","Lophiidae",2.16770123497137,1.59648713373654,1.852845818015,1.55047295710656,1.79358086736816,1.84429074325434,1.02118929906994,0.603144372620182,2.15947695647423,"Deep-sea",FALSE
"Lophius_americanus","Lophiiformes","Lophiidae",2.20690679293086,1.45178643552429,1.94596070357757,1.47085132452612,1.67760695272049,1.85871761486029,0.903089986991944,0.865103974641128,2.14622108881188,"Deep-sea",FALSE
"Lophius_budegassa","Lophiiformes","Lophiidae",2.31439395722196,1.49858620881752,1.92526050951944,1.50174372962799,1.83492909646058,1.90319854704298,0.948412965778601,0.700703717145019,2.37226744409565,"Deep-sea",FALSE
"Lophius_gastrophysus","Lophiiformes","Lophiidae",2.30818010103067,1.53592674139557,2.00599512305469,1.51547644138238,1.78368923634732,1.93038861824432,0.939019776448666,0.746634198937579,2.34484401933712,"Deep-sea",FALSE
"Lophius_litulon","Lophiiformes","Lophiidae",2.3762666358701,1.66558099101795,2.08077074684072,1.69196510276736,1.85949855818778,2.01426845720964,1.0696680969116,0.823474229170301,2.59050746200858,"Deep-sea",FALSE
"Lophius_piscatorius","Lophiiformes","Lophiidae",2.39010456382543,1.48600518636224,2.08098704691089,1.41580772763554,1.93891981224477,2.08098704691089,0.969415912353981,0.650307523131936,2.6219548200449,"Deep-sea",FALSE
"Lophius_vaillanti","Lophiiformes","Lophiidae",2.19089171692217,1.47899913167336,1.86805636182304,1.42143939022005,1.73615737527313,1.85733249643127,0.817565369559781,0.556302500767287,1.98136550907854,"Deep-sea",FALSE
"Lycengraulis_batesii","Clupeiformes","Engraulidae",1.97164688206431,1.26126286879249,0.887054378050957,1.00646604224923,1.2496874278053,0.671172842715083,0.901458321396112,0.0934216851622351,0.94299959336604,"Surface",FALSE
"Lycengraulis_grossidens","Clupeiformes","Engraulidae",2.23383341488443,1.61668552089551,1.15775888604686,1.26007138798507,1.45727618606133,0.851869600729766,1.19645254170339,0.491361693834273,1.70096317815955,"Surface",FALSE
"Lycengraulis_poeyi","Clupeiformes","Engraulidae",2.19584432474728,1.56253076886226,1.17811325231463,1.25815819334079,1.4144719496293,0.888740960682893,1.18440748541232,0.576341350205793,1.61415870950918,"Surface",FALSE
"Lycothrissa_crocodilus","Clupeiformes","Engraulidae",2.20776896973992,1.54381980514266,1.06483221973857,1.25575478664304,1.45316539252586,0.761175813155731,1.08742645703629,0.176091259055681,1.52633927738984,"Surface",FALSE
"Malacosteus_niger","Stomiiformes","Stomiidae",2.20049482173865,1.4945719842302,1.11727129565576,1.26173854735254,1.59692681434297,0.69284691927723,0.64640372622307,0.230448921378274,1.48287358360875,"Deep-sea",FALSE
"Malthopsis_lutea","Lophiiformes","Ogcocephalidae",1.82000430680832,1.12287092286444,1.54567814979203,1.16136800223497,0.879095879500073,1.00945089579869,0.599883072073688,0.383815365980431,0.94101424370557,"Deep-sea",FALSE
"Margrethia_obtusirostra","Stomiiformes","Gonostomatidae",1.75966784468963,1.2437819160938,0.890421018800914,1.10380372095596,1.21138755293686,0.770852011642144,0.812913356642856,0.123851640967086,0.586587304671755,"Deep-sea",FALSE
"Maurolicus_japonicus","Stomiiformes","Sternoptychidae",1.33223641549144,0.698970004336019,0.278753600952829,0.664641975556125,0.699837725867246,0.139879086401236,0.24551266781415,-0.275724130399211,-0.920818753952375,"Deep-sea",FALSE
"Maurolicus_muelleri","Stomiiformes","Sternoptychidae",1.54120469068326,0.930949031167523,0.60959440922522,0.83695673705955,0.726727209026572,0.403120521175818,0.481442628502305,0.0128372247051722,-0.2518119729938,"Deep-sea",FALSE
"Maurolicus_weitzmani","Stomiiformes","Sternoptychidae",1.69196510276736,1.11892575282578,0.638489256954637,0.966141732739033,0.942008053022313,0.491361693834273,0.628388930050311,0.204119982655925,0.161368002234975,"Deep-sea",FALSE
"Melanocetus_johnsonii","Lophiiformes","Melanocetidae",1.93966898352233,1.71591981743358,1.44762309776029,1.69783936821836,1.54294984881418,1.27276958655176,1.10991586302379,0.537819095073274,1.70009770461305,"Deep-sea",TRUE
"Melanocetus_murrayi","Lophiiformes","Melanocetidae",1.80407124888566,1.75227898546012,1.45178643552429,1.64777405026883,1.52530400995824,1.16672605558005,1.09447112864164,0.181843587944773,1.57749179983723,"Deep-sea",FALSE
"Melanostomias_margaritifer","Stomiiformes","Stomiidae",2.08504070674219,1.10482840365366,0.716003343634799,0.954242509439325,1.19395897801919,0.571708831808688,0.501059262217751,0.0791812460476248,0.514547752660286,"Deep-sea",TRUE
"Microthrissa_congica","Clupeiformes","Clupeidae",1.64943222324162,1.00518051250378,0.741151598851785,0.785329835010767,0.631443769013172,0.367355921026019,0.613841821876069,-0.0604807473813815,-0.00877392430750515,"Surface",FALSE
"Microthrissa_royauxi","Clupeiformes","Clupeidae",1.59571661994342,1.03302144468291,0.750508394851346,0.781036938621132,0.606381365110605,0.392696953259666,0.635483746814912,-0.1249387366083,0.00860017176191757,"Surface",FALSE
"Nematalosa_erebi","Clupeiformes","Clupeidae",2.25527250510331,1.84960365808245,1.35602585719312,1.4679039465228,1.26007138798507,0.84323277809801,1.31238894937059,0.514547752660286,1.99078269180314,"Surface",FALSE
"Nematalosa_japonica","Clupeiformes","Clupeidae",2.13719581194055,1.74154551677621,1.35679046035172,1.37383114507383,1.06595298031387,0.8055008581584,1.19562294358694,0.59659709562646,1.83803008298532,"Surface",FALSE
"Nematalosa_nasus","Clupeiformes","Clupeidae",2.29464255360287,1.92906112408477,1.42275394130135,1.52387647563813,1.24575935596728,0.911690158753861,1.37217528611506,0.727541257028556,2.22107501661172,"Surface",FALSE
"Neonesthes_capensis","Stomiiformes","Stomiidae",2.14684093403507,1.33785842904109,1.08278537031645,1.22968184231768,1.36791473879375,0.90687353472207,0.808210972924222,0.136720567156407,1.1152775913959,"Deep-sea",FALSE
"Odontostomias_micropogon","Stomiiformes","Stomiidae",2.38178271263519,1.42373724998233,1.26623169668989,1.23451728351269,1.36116099519503,1.23146959043068,0.690196080028514,0.33645973384853,1.68583127462606,"Deep-sea",FALSE
"Ogcocephalus_nasutus","Lophiiformes","Ogcocephalidae",2.18324136442237,1.52955867302116,1.98091193777684,1.52452593662638,1.25358028956218,1.40191725051757,1.11058971029925,0.86391737695786,2.11159852488039,"Deep-sea",FALSE
"Ogcocephalus_parvus","Lophiiformes","Ogcocephalidae",2.18695633546541,1.50242711998443,1.96614173273903,1.48713837547719,1.21748394421391,1.35793484700045,1.04921802267018,1.06818586174616,2.02118929906994,"Deep-sea",FALSE
"Ogcocephalus_radiatus","Lophiiformes","Ogcocephalidae",2.17283636012271,1.50650503240487,1.93008263339237,1.49485002168009,1.27531135454181,1.38969754820639,1.11958577496178,0.804820678721162,2.07725886369295,"Deep-sea",FALSE
"Ogcocephalus_vespertilio","Lophiiformes","Ogcocephalidae",2.30636068286105,1.67751570479876,2.05292468370773,1.61140463771159,1.38506977633193,1.50609895992844,1.21984638602436,0.981818607170664,2.53100604511435,"Deep-sea",FALSE
"Oneirodes_acanthias","Lophiiformes","Oneirodidae",1.98457231562163,1.79851253303135,1.63838940766534,1.6742179455767,1.51134851549021,1.62531245096167,1.11925588927794,0.76715586608218,2.03742649794062,"Deep-sea",FALSE
"Oneirodes_luetkeni","Lophiiformes","Oneirodidae",1.93033763573773,1.76618969331016,1.40619942366331,1.69957759139891,1.58714949825434,1.32837960343874,1.14019367857863,0.582063362911709,1.71349054309394,"Deep-sea",FALSE
"Opisthonema_libertate","Clupeiformes","Clupeidae",2.18926566893455,1.71466499286254,1.3647385550554,1.43264866001311,1.29776051109913,0.730782275666389,1.14270224573762,0.499687082618404,1.87966920563205,"Surface",FALSE
"Opisthonema_medirastre","Clupeiformes","Clupeidae",1.63245729218472,1.11991541025799,0.699837725867246,0.92531209149965,0.681241237375587,0.328379603438738,0.653212513775344,-0.167491087293764,-0.0861861476162833,"Surface",FALSE
"Opisthonema_oglinum","Clupeiformes","Clupeidae",2.21184109637534,1.76477371691104,1.32960124835652,1.49899936358015,1.24944296144258,0.671172842715083,1.19200959265367,0.598790506763115,1.89746213801306,"Surface",FALSE
"Pachystomias_microdon","Stomiiformes","Stomiidae",2.18602349311745,1.44404479591808,1.20601587676334,1.33545790068938,1.47813342810052,1.06781451116184,0.648360010980932,0.15836249209525,1.46044678388072,"Deep-sea",FALSE
"Pellonula_leonensis","Clupeiformes","Clupeidae",1.79148011602,1.12807601266872,0.801403710017355,1.00302947055362,0.963787827345555,0.462397997898956,0.732393759822969,-0.0809219076239261,0.436162647040756,"Surface",FALSE
"Pellonula_vorax","Clupeiformes","Clupeidae",1.8826952623816,1.34888872307144,0.900913067737669,1.066698550423,1.03782475058834,0.376576957056512,0.854306041801081,0.0606978403536116,0.73559889969818,"Surface",FALSE
"Phosichthys_argenteus","Stomiiformes","Phosichthyidae",2.1852871125752,1.34635297445064,1.00216606175651,1.21669359916975,1.45742769294648,0.906335041805091,0.932473764677153,0.252853030979893,1.11958577496178,"Deep-sea",FALSE
"Photonectes_braueri","Stomiiformes","Stomiidae",2.35082927358297,1.49415459401844,1.26007138798507,1.31111784266251,1.49317912068252,1.11461098423217,0.547774705387823,0.3654879848909,1.80448018910599,"Deep-sea",FALSE
"Photonectes_dinema","Stomiiformes","Stomiidae",2.33525725643453,1.49554433754645,1.28330122870355,1.3384564936046,1.63144376901317,1.0899051114394,0.681241237375587,0.397940008672038,1.85907822474697,"Deep-sea",FALSE
"Photonectes_margarita","Stomiiformes","Stomiidae",2.46089784275655,1.55990662503611,1.44746813094976,1.26670196688409,1.60724050383174,1.16316137497702,1.16731733474818,0.674861140737812,2.14776904626015,"Deep-sea",FALSE
"Phyllophryne_scortea","Lophiiformes","Antennariidae",1.64295887940979,1.30856441356124,1.12936759572299,1.08314414314305,0.833147111912785,0.937016107464814,0.775974331129369,0.238046103128795,0.724275869600789,"Deep-sea",FALSE
"Polyipnus_asteroides","Stomiiformes","Sternoptychidae",1.88913355596672,1.68752896121463,1.09342168516224,1.52074547151948,1.20601587676334,0.790285164033242,0.884795363948981,0.247973266361807,1.2148438480477,"Deep-sea",FALSE
"Polyipnus_clarus","Stomiiformes","Sternoptychidae",1.57495677576451,1.40380661054742,0.853698211776174,1.30189771719521,0.990338854787601,0.697229342759718,0.618048096712093,0.0453229787866575,0.385606273598312,"Deep-sea",FALSE
"Polyipnus_indicus","Stomiiformes","Sternoptychidae",1.75073975123535,1.54691264318124,1.05804623039528,1.41161970596323,1.1215598441875,0.919078092376074,0.773054693364263,0.230448921378274,0.904174368284164,"Deep-sea",FALSE
"Polymetme_corythaeola","Stomiiformes","Phosichthyidae",2.06276994981513,1.29819786710982,0.841359470454855,1.17782497186468,1.34163233577805,0.651278013998144,0.804820678721162,0.276461804173244,0.804820678721162,"Deep-sea",FALSE
"Polymetme_thaeocoryla","Stomiiformes","Phosichthyidae",2.20771513380557,1.41879829059035,1.00860017176192,1.23477029516092,1.44669246637153,0.812913356642856,1.00302947055362,0.212187604403958,1.2973227142053,"Deep-sea",FALSE
"Potamothrissa_obtusirostris","Clupeiformes","Clupeidae",1.57077636879475,0.829303772831025,0.602059991327962,0.698970004336019,0.584331224367531,0.290034611362518,0.44870631990508,-0.148741651280925,-0.346787486224656,"Surface",FALSE
"Pterengraulis_atherinoides","Clupeiformes","Engraulidae",2.138365863679,1.49886168899288,1.09131515969722,1.19865708695442,1.35679046035172,0.850646235183066,1.11958577496178,0.397940008672038,1.43933269383026,"Surface",FALSE
"Rastrelliger_brachysoma","Perciformes","Scombridae",2.24182031851803,1.72582999032058,1.43023635341151,1.52621000384166,1.58160836603206,1.02816441942447,0.829946695941636,0.7481880270062,2.00203640225953,"Surface",FALSE
"Rastrelliger_faughni","Perciformes","Scombridae",2.21293299170801,1.61044722144212,1.3732798932775,1.39602489660859,1.4295908022233,0.889861721258188,0.75966784468963,0.612783856719735,1.85841687772349,"Surface",FALSE
"Rhadinesthes_decimus","Stomiiformes","Stomiidae",2.51361707378787,1.50160692241883,1.12580645813953,1.27669152884504,1.68681495450732,0.942504106168081,0.989894563718773,0.414973347970818,1.7748817658188,"Deep-sea",FALSE
"Rhinosardinia_amazonica","Clupeiformes","Clupeidae",1.53869937954241,0.886490725172482,0.45178643552429,0.770852011642144,0.491361693834273,0.0681858617461616,0.527629900871339,-0.275724130399211,-0.431798275933005,"Surface",FALSE
"Sarda_chiliensis","Perciformes","Scombridae",2.71541832259506,2.09103351605447,1.88479536394898,1.78943968456718,1.88626505902976,1.49775871828727,1.03782475058834,1.16136800223497,3.27193449381776,"Surface",FALSE
"Sarda_orientalis","Perciformes","Scombridae",2.68574173860226,2.03522955635021,1.87621784059164,1.84060787900929,1.94571471405986,1.5449357658815,1.11859536522376,1.25090769970086,3.1901915805753,"Surface",FALSE
"Sarda_sarda","Perciformes","Scombridae",2.54311154395344,1.89209460269048,1.8109042806687,1.69346312721953,1.78468859950142,1.41497334797082,0.991669007379949,1.04805317311561,2.96378782734556,"Surface",FALSE
"Sardina_pilchardus","Clupeiformes","Clupeidae",2.15222717183814,1.47957531017499,1.23678909940929,1.28780172993023,1.23854788768133,0.507855871695831,1.00086772153123,0.507855871695831,1.5762261374496,"Surface",FALSE
"Sardinella_albella","Clupeiformes","Clupeidae",2.12021186825707,1.66143405039392,1.21774707326279,1.37584643630916,1.25454807710897,0.518513939877887,1.11991541025799,0.487138375477186,1.64048143697042,"Surface",FALSE
"Sardinella_aurita","Clupeiformes","Clupeidae",2.20392993724463,1.58994960132571,1.27875360095283,1.33505651943909,1.27021285489624,0.477121254719662,1.06333335895175,0.518513939877887,1.78318869107526,"Surface",FALSE
"Sardinella_brasiliensis","Clupeiformes","Clupeidae",2.09701423117803,1.48897352472651,1.12936759572299,1.24870873560092,1.14519640611418,0.409933123331295,0.996949248495381,0.436162647040756,1.45636603312904,"Surface",FALSE
"Sardinella_fimbriata","Clupeiformes","Clupeidae",2.04493154614916,1.52413637659257,1.09236969962912,1.24551266781415,1.08529057823007,0.301029995663981,1.01410032151962,0.385606273598312,1.3541084391474,"Surface",FALSE
"Sardinella_gibbosa","Clupeiformes","Clupeidae",2.0580082327154,1.50351831272407,1.12417805547468,1.24723654950676,1.10380372095596,0.359835482339888,0.980911937776844,0.301029995663981,1.37051308959859,"Surface",FALSE
"Sardinella_hualiensis","Clupeiformes","Clupeidae",2.10311925354571,1.62086447526512,1.20057692675485,1.34966598409663,1.17026171539496,0.495544337546448,1.07809415040641,0.531478917042255,1.70044410102775,"Surface",FALSE
"Sardinella_jussieu","Clupeiformes","Clupeidae",2.08496928847499,1.55642312137129,1.08493357493672,1.28375338333253,1.11126251365907,0.378397900948138,1.01994668167884,0.301029995663981,1.41128291301738,"Surface",FALSE
"Sardinella_lemuru","Clupeiformes","Clupeidae",2.09377178149873,1.47085132452612,1.17318626841227,1.26007138798507,1.2148438480477,0.491361693834273,1.00302947055362,0.356025857193123,1.42111012979343,"Surface",FALSE
"Sardinella_longiceps","Clupeiformes","Clupeidae",2.14028801181187,1.48000694295715,1.21563756343506,1.291590825658,1.26717172840301,0.52244423350632,0.955687750313506,0.46686762035411,1.53869937954241,"Surface",FALSE
"Sardinella_maderensis","Clupeiformes","Clupeidae",2.28916515264989,1.78010119146791,1.41530729222557,1.47494433546539,1.37456506072277,0.954724790979063,1.24723654950676,0.628388930050311,2.15268575603679,"Surface",FALSE
"Sardinella_melanura","Clupeiformes","Clupeidae",2.03458835371362,1.48713837547719,1.0899051114394,1.22245633667925,1.09166695759568,0.513217600067939,1.0542299098634,0.363611979892144,1.25767857486918,"Surface",FALSE
"Sardinella_zunasi","Clupeiformes","Clupeidae",2.01059673620653,1.44357587975026,1.00302947055362,1.2678754193189,1.04139268515823,0.271841606536499,0.959041392321094,0.374748346010104,1.16136800223497,"Surface",FALSE
"Sardinops_sagax","Clupeiformes","Clupeidae",2.31508827308832,1.6534054906645,1.44435712565603,1.45651785780526,1.47523522260413,0.840733234611807,1.14113609012074,0.681241237375587,2.16958627332191,"Surface",TRUE
"Sauvagella_madagascariensis","Clupeiformes","Clupeidae",1.44122367424261,0.6232492903979,0.477121254719662,0.525044807036845,0.474216264076255,-0.0222763947111523,0.287801729930226,-0.337242168318426,-0.744727494896694,"Surface",FALSE
"Scomber_australasicus","Perciformes","Scombridae",2.68529378138678,2.05728564441821,1.8992731873176,1.76282855318909,1.80085449150356,1.52724311638809,1.19728055812562,1.1078880251828,3.28375338333253,"Surface",FALSE
"Scomber_colias","Perciformes","Scombridae",2.46239799789896,1.79098847508882,1.56348108539441,1.56584781867352,1.62838893005031,1.07188200730613,0.939519252618618,0.8750612633917,2.38506977633193,"Surface",FALSE
"Scomber_japonicus","Perciformes","Scombridae",2.56505639881196,1.90638892115283,1.74115159885179,1.68752896121463,1.73391915101239,1.35353155907776,1.04020662757471,0.984077033902831,3.84135947045485,"Surface",FALSE
"Scomber_scombrus","Perciformes","Scombridae",2.59365151826543,1.89636084546932,1.74919504221967,1.65388755807098,1.69626899674553,1.27508089845686,1.06818586174616,1.00945089579869,3.43071988786328,"Surface",TRUE
"Scomberomorus_brasiliensis","Perciformes","Scombridae",2.52048353274079,1.86213137931304,1.4996870826184,1.56466606425209,1.65465775464952,1.18184358794477,1.10209052551184,0.926856708949692,2.66086547800387,"Surface",FALSE
"Scomberomorus_cavalla","Perciformes","Scombridae",2.77887447200274,2.02747192702128,1.77180787899911,1.77210156927701,1.91555811541152,1.46642272243379,1.30685374869301,1.21748394421391,3.22341026773133,"Surface",FALSE
"Scomberomorus_commerson","Perciformes","Scombridae",2.74678205181632,2.00043407747932,1.70799574642293,1.7238659644435,1.86911432697938,1.48812749624746,1.3142886609475,1.25743856685981,3.07954300740291,"Surface",FALSE
"Scomberomorus_concolor","Perciformes","Scombridae",2.63681875684754,1.77085201164214,1.41161970596323,1.59681693591559,1.7061201097027,1.24772783290972,1.15896526038341,1.15442397311465,2.40654018043396,"Surface",FALSE
"Scomberomorus_guttatus","Perciformes","Scombridae",2.66745295288995,2.0344279050254,1.70500795933334,1.69504365882129,1.72997428569956,1.41246054742996,1.34340859380386,1.28780172993023,2.98227123303957,"Surface",FALSE
"Scomberomorus_koreanus","Perciformes","Scombridae",2.6570558528571,2.06464514479194,1.74311762521474,1.74554320199802,1.77063112777781,1.43901672838751,1.36660971039243,1.3533390953113,3.10839587300746,"Surface",FALSE
"Scomberomorus_maculatus","Perciformes","Scombridae",2.59604700754544,1.91566360350577,1.60151678365001,1.6200318951263,1.72098574415374,1.2964457942064,1.24625231229932,1.29534714833362,2.78175537465247,"Surface",FALSE
"Scomberomorus_plurilineatus","Perciformes","Scombridae",2.70386718890853,2.06658679647069,1.69870934944259,1.72948876917956,1.74857561693099,1.39689644914252,1.3859635706007,1.31005573775089,3.09702465161965,"Surface",FALSE
"Scomberomorus_queenslandicus","Perciformes","Scombridae",2.65896484266443,1.97634997900327,1.71767050300226,1.652826302561,1.78211414747907,1.27438879555038,1.20303288701471,1.28533222764388,2.9576072870601,"Surface",FALSE
"Scomberomorus_regalis","Perciformes","Scombridae",2.59659709562646,1.90821685308939,1.65176244738011,1.64355136856295,1.72345567203519,1.30189771719521,1.21590181320403,1.2496874278053,2.78887511577542,"Surface",FALSE
"Scomberomorus_sierra","Perciformes","Scombridae",2.68169339200456,1.94497590841205,1.59769518592551,1.6742179455767,1.78611228371983,1.40534636017571,1.24772783290972,1.17084820364331,2.89634430480337,"Surface",FALSE
"Scomberomorus_sinensis","Perciformes","Scombridae",2.81557774832427,2.15198239545747,1.87273882747267,1.86415495600203,2.02172666441378,1.62991903550354,1.40705081480425,1.50270017531056,3.53769319436739,"Surface",FALSE
"Setipinna_taty","Clupeiformes","Engraulidae",2.09096307659573,1.576686805201,0.957607287060095,1.14395111642396,1.291590825658,0.57978359661681,1.07077646284343,0.278753600952829,1.31806333496276,"Surface",FALSE
"Setipinna_tenuifilis","Clupeiformes","Engraulidae",2.09096307659573,1.5556988947189,0.942008053022313,1.16286299332193,1.34537373055909,0.511883360978874,0.986771734266245,0.0969100130080564,1.12710479836481,"Surface",FALSE
"Sigmops_bathyphilus","Stomiiformes","Gonostomatidae",2.12784959018764,1.27253777737524,1.04532297878666,1.17026171539496,1.47668674294564,0.910090545594068,0.770852011642144,0.33645973384853,0.977723605288848,"Deep-sea",FALSE
"Sigmops_ebelingi","Stomiiformes","Gonostomatidae",2.08396819759842,1.24551266781415,0.761175813155731,0.968482948553935,1.37235958252432,0.535294120042771,0.678518379040114,0.0791812460476248,0.45178643552429,"Deep-sea",FALSE
"Sigmops_gracilis","Stomiiformes","Gonostomatidae",2.01732555456172,1.04257551244019,0.69284691927723,0.867467487859051,1.25695815256093,0.591064607026499,0.419955748489758,0.136720567156407,0.456366033129043,"Deep-sea",FALSE
"Spratelloides_delicatulus","Clupeiformes","Clupeidae",2.02052701227456,1.30341207059674,1.07188200730613,1.08493357493672,0.999130541287371,0.340444114840118,0.854913022307856,0.195899652409234,1.42683645380351,"Surface",FALSE
"Spratelloides_gracilis","Clupeiformes","Clupeidae",1.7388598020722,0.885926339801431,0.716003343634799,0.737987326333431,0.770852011642144,-0.0457574905606751,0.515873843711679,-0.136677139879544,0.178976947293169,"Surface",FALSE
"Spratelloides_robustus","Clupeiformes","Clupeidae",1.89888965592659,1.05307844348342,0.893761762057943,0.965201701025912,1.00432137378264,0.348304863048161,0.69284691927723,-0.0457574905606751,0.819543935541869,"Surface",FALSE
"Sprattus_sprattus","Clupeiformes","Clupeidae",2.18141479625428,1.61108573341487,1.23729233756746,1.34064237756071,1.30535136944662,0.684845361644412,1.14457420760962,0.578639209968072,1.98168272737129,"Surface",FALSE
"Sternoptyx_diaphana","Stomiiformes","Sternoptychidae",1.55906833403454,1.55035067230162,0.935507265824713,1.34713478291002,0.955206537541942,0.81690383937566,0.754348335711019,0.103803720955957,0.523746466811564,"Deep-sea",FALSE
"Sternoptyx_pseudobscura","Stomiiformes","Sternoptychidae",1.65867902858245,1.58319877396862,0.954242509439325,1.47610671684019,1.07188200730613,0.8750612633917,0.828015064223977,0.167317334748176,0.696356388733332,"Deep-sea",FALSE
"Stolothrissa_tanganicae","Clupeiformes","Clupeidae",1.85871761486029,1.0899051114394,0.832508912706236,0.930949031167523,0.9698816437465,0.278753600952829,0.705007959333336,0.0128372247051722,0.544068044350276,"Surface",FALSE
"Stomias_affinis","Stomiiformes","Stomiidae",2.12538366046771,1.0948203803548,0.848189116991399,0.959518376972998,1.18069920129603,0.6232492903979,0.390935107103379,-0.0915149811213502,0.783903579272735,"Deep-sea",FALSE
"Stomias_atriventer","Stomiiformes","Stomiidae",2.36165229997394,1.42975228000241,1.12613140726198,1.2496874278053,1.51414913447544,0.88252453795488,1.08529057823007,0.57978359661681,1.5278875659527,"Deep-sea",FALSE
"Stomias_boa_boa","Stomiiformes","Stomiidae",2.3641380786626,1.26007138798507,1.09933527768596,1.20221577580113,1.42975228000241,0.949390006644913,1.06069784035361,0.602059991327962,1.5063697170955,"Deep-sea",FALSE
"Stomias_gracilis","Stomiiformes","Stomiidae",2.32242605240595,1.13987908640124,0.921166050637739,1.14705767102836,1.3155505344219,0.877946951629188,0.669316880566112,0.155336037465062,1.18069920129603,"Deep-sea",FALSE
"Tactostoma_macropus","Stomiiformes","Stomiidae",2.38920153552833,1.2464985807958,1.08955188288645,1.13767053723676,1.39898106665813,0.952308009662125,0.661812685537261,0.167317334748176,1.37511468469223,"Deep-sea",FALSE
"Tathicarpus_butleri","Lophiiformes","Antennariidae",1.66492389343808,1.29292029960001,1.19395897801919,1.19534605834842,1.03822263836872,0.91803033678488,0.705863712283919,0.307496037913213,0.8750612633917,"Deep-sea",FALSE
"Tenualosa_ilisha","Clupeiformes","Clupeidae",2.23784522686161,1.76574304142104,1.32387060654051,1.43933269383026,1.42862067267194,0.775246259740236,1.21827285357145,0.565847818673518,2.03822263836872,"Surface",FALSE
"Tenualosa_toli","Clupeiformes","Clupeidae",2.12132999793609,1.68815275559157,1.15014216184856,1.36323580448369,1.22968184231768,0.713490543093943,1.10822665637493,0.594392550375427,1.59626712639552,"Surface",FALSE
"Tetrabrachium_ocellatum","Lophiiformes","Tetrabrachiidae",1.65801139665711,1.22530928172586,1.16702179579026,1.07918124604762,0.848189116991399,0.740362689494244,0.800717078282385,0.12057393120585,0.863322860120456,"Deep-sea",FALSE
"Thryssa_hamiltonii","Clupeiformes","Engraulidae",2.16286299332193,1.64640372622307,1.15503222879097,1.32531037171106,1.41430468812833,0.850646235183066,1.17580163284828,0.413299764081252,1.59028440371816,"Surface",FALSE
"Thryssa_mystax","Clupeiformes","Engraulidae",2.14891099310936,1.57229060615142,1.09516935143176,1.25647720624168,1.41747169320329,0.607455023214668,1.11394335230684,0.414973347970818,1.49485002168009,"Surface",FALSE
"Thryssa_vitrirostris","Clupeiformes","Engraulidae",2.12613140726198,1.59450304382009,1.10037054511756,1.2718416065365,1.41912930774198,0.653212513775344,1.07773117965239,0.320146286111054,1.49512788124293,"Surface",FALSE
"Thunnus_albacares","Perciformes","Scombridae",2.72526624200744,2.17802678827043,1.9982593384237,1.95192007352029,1.862906213563,1.58669980162405,1.1264561134318,1.24551266781415,3.50167533141037,"Surface",FALSE
"Thunnus_atlanticus","Perciformes","Scombridae",2.71746245773749,2.17825732081219,2.02069267868203,1.96538987021512,1.87157293554588,1.64463550376815,1.14176323027579,1.25839780409551,3.49174678428721,"Surface",FALSE
"Thunnus_obesus","Perciformes","Scombridae",2.75089392038213,2.26611404953168,2.08824243351157,2.04222100239038,1.92793468174118,1.70113606609253,1.17782497186468,1.28352736486169,3.71924839844795,"Surface",TRUE
"Thunnus_thynnus","Perciformes","Scombridae",2.64246452024212,2.13877621572935,1.93601079571521,1.89320675305985,1.82412583391655,1.47784447633876,1.08457627793433,1.18184358794477,3.37277396372058,"Surface",FALSE
"Thunnus_tonggol","Perciformes","Scombridae",2.78580658520877,2.17773845040172,2.01506621401115,1.94792361983173,1.88081359228079,1.5720579899263,1.17983892802319,1.17695898058691,3.56686980361671,"Surface",FALSE
"Thysanactis_dentex","Stomiiformes","Stomiidae",2.205014792569,1.15624619039734,0.886490725172482,1.07188200730613,1.15014216184856,0.761175813155731,0.527629900871339,0.0681858617461616,0.945960703577569,"Deep-sea",FALSE
"Trigonolampa_miriceps","Stomiiformes","Stomiidae",2.25481384103487,1.46686762035411,1.20411998265592,1.24551266781415,1.54157924394658,1.17897694729317,0.778151250383644,0.397940008672038,1.66604973848052,"Deep-sea",FALSE
"Triplophos_hemingi","Stomiiformes","Gonostomatidae",2.20104189554268,1.29446622616159,0.8555191556678,1.15624619039734,1.35602585719312,0.788168371141168,0.41161970596323,-0.113509274827518,0.841359470454855,"Deep-sea",FALSE
"Yarrella_blackfordi","Stomiiformes","Phosichthyidae",2.37916042646655,1.52374646681156,1.22089224921952,1.37291200297011,1.65925046877266,1.00860017176192,1.26951294421792,0.518513939877887,1.7240299729356,"Deep-sea",FALSE
"Zalieutes_elater","Lophiiformes","Ogcocephalidae",1.85913829729453,1.12287092286444,1.63215348351063,1.12385164096709,0.834420703681533,0.9698816437465,0.64640372622307,0.531478917042255,1.02118929906994,"Deep-sea",FALSE
